{
  "player_info": {
    "player_name": "Klay Thompson",
    "player_id": "202685",
    "team_id": "1610612744",
    "team_abbr": "GSW",
    "position": "SG",
    "years": "2011-2026",
    "note": "现役"
  },
  "basic_stats": {
    "2023-24": {
      "GP": 70,
      "MP": 34.5,
      "PTS": 24.5,
      "AST": 6.2,
      "TRB": 8.3,
      "STL": 1.2,
      "BLK": 0.8,
      "FG%": 0.48,
      "3P%": 0.36,
      "FT%": 0.85
    },
    "2024-25": {
      "GP": 68,
      "MP": 33.8,
      "PTS": 25.2,
      "AST": 6.5,
      "TRB": 8.5,
      "STL": 1.1,
      "BLK": 0.7,
      "FG%": 0.49,
      "3P%": 0.37,
      "FT%": 0.86
    },
    "2025-26": {
      "GP": 65,
      "MP": 33.2,
      "PTS": 23.8,
      "AST": 6.3,
      "TRB": 8.2,
      "STL": 1.0,
      "BLK": 0.6,
      "FG%": 0.48,
      "3P%": 0.36,
      "FT%": 0.85
    }
  },
  "advanced_stats": {
    "2023-24": {
      "eFG%": 0.5833333333333334,
      "TS%": 0.49504950495049505,
      "3PAr": 0.4444444444444445,
      "FTr": 0.2777777777777778,
      "2P%": 0.6000000000000001,
      "3P%": 0.37499999999999994,
      "FT%": 0.8,
      "USG%": 39.38952972493345,
      "ORB%": 230.95652173913044,
      "DRB%": 923.8260869565217,
      "TRB%": 1154.7826086956525,
      "ORB_per_36": 1.7321739130434783,
      "DRB_per_36": 6.928695652173913,
      "TRB_per_36": 8.660869565217391,
      "AST%": 18.264840182648403,
      "AST/TOV": 2.066666666666667,
      "AST_per_36": 6.469565217391304,
      "STL_per_36": 1.2521739130434784,
      "BLK_per_36": 0.8347826086956522,
      "PF_per_36": 2.608695652173913,
      "Defensive_Activity": 2.0869565217391304,
      "PER_simplified": 19.01,
      "Game_Score": 15.96
    },
    "2024-25": {
      "eFG%": 0.5833333333333334,
      "TS%": 0.49504950495049505,
      "3PAr": 0.4444444444444445,
      "FTr": 0.2777777777777778,
      "2P%": 0.6000000000000001,
      "3P%": 0.375,
      "FT%": 0.8,
      "USG%": 41.2298031638691,
      "ORB%": 241.42011834319533,
      "DRB%": 965.6804733727813,
      "TRB%": 1207.1005917159764,
      "ORB_per_36": 1.8106508875739649,
      "DRB_per_36": 7.2426035502958594,
      "TRB_per_36": 9.053254437869823,
      "AST%": 18.596932936598765,
      "AST/TOV": 2.1666666666666665,
      "AST_per_36": 6.923076923076923,
      "STL_per_36": 1.1715976331360949,
      "BLK_per_36": 0.7455621301775148,
      "PF_per_36": 2.6627218934911245,
      "Defensive_Activity": 1.9171597633136097,
      "PER_simplified": 19.8,
      "Game_Score": 16.3
    },
    "2025-26": {
      "eFG%": 0.5833333333333334,
      "TS%": 0.49504950495049505,
      "3PAr": 0.4444444444444445,
      "FTr": 0.2777777777777778,
      "2P%": 0.6,
      "3P%": 0.37499999999999994,
      "FT%": 0.8,
      "USG%": 39.88886156872387,
      "ORB%": 237.10843373493972,
      "DRB%": 948.4337349397589,
      "TRB%": 1185.5421686746986,
      "ORB_per_36": 1.7783132530120478,
      "DRB_per_36": 7.113253012048191,
      "TRB_per_36": 8.89156626506024,
      "AST%": 18.897354370388147,
      "AST/TOV": 2.1,
      "AST_per_36": 6.831325301204818,
      "STL_per_36": 1.0843373493975903,
      "BLK_per_36": 0.6506024096385542,
      "PF_per_36": 2.710843373493976,
      "Defensive_Activity": 1.7349397590361444,
      "PER_simplified": 19.03,
      "Game_Score": 15.28
    }
  },
  "career_summary": {
    "seasons_played": 3,
    "career_highs": {
      "points": 45,
      "assists": 15,
      "rebounds": 20
    }
  }
}